id,date,timestamp,BlockNumber,BlockTimestamp
1,2023/09/16,1694822400,18145020,1694822411
2,2023/09/17,1694908800,18152100,1694908811
3,2023/09/18,1694995200,18159143,1694995211
4,2023/09/19,1695081600,18166255,1695081611
5,2023/09/20,1695168000,18173392,1695168011
6,2023/09/21,1695254400,18180542,1695254411
7,2023/09/22,1695340800,18187682,1695340811
8,2023/09/23,1695427200,18194809,1695427211
9,2023/09/24,1695513600,18201951,1695513611
10,2023/09/25,1695600000,18209091,1695600011
11,2023/09/26,1695686400,18216239,1695686411
12,2023/09/27,1695772800,18223385,1695772811
13,2023/09/28,1695859200,18230531,1695859211
14,2023/09/29,1695945600,18237666,1695945611
15,2023/09/30,1696032000,18244805,1696032011
16,2023/10/01,1696118400,18251965,1696118411
17,2023/10/02,1696204800,18259124,1696204811
18,2023/10/03,1696291200,18266293,1696291211
19,2023/10/04,1696377600,18273437,1696377611
20,2023/10/05,1696464000,18280593,1696464011
21,2023/10/06,1696550400,18287744,1696550411
22,2023/10/07,1696636800,18294894,1696636811
23,2023/10/08,1696723200,18302049,1696723211
24,2023/10/09,1696809600,18309198,1696809611
25,2023/10/10,1696896000,18316340,1696896011
26,2023/10/11,1696982400,18323490,1696982411
27,2023/10/12,1697068800,18330625,1697068811
28,2023/10/13,1697155200,18337769,1697155211
29,2023/10/14,1697241600,18344907,1697241611
30,2023/10/15,1697328000,18352059,1697328011
31,2023/10/16,1697414400,18359213,1697414411
32,2023/10/17,1697500800,18366379,1697500811
33,2023/10/18,1697587200,18373529,1697587211
34,2023/10/19,1697673600,18380672,1697673611
35,2023/10/20,1697760000,18387819,1697760011
36,2023/10/21,1697846400,18394975,1697846411
37,2023/10/22,1697932800,18402122,1697932811
38,2023/10/23,1698019200,18409266,1698019211
39,2023/10/24,1698105600,18416407,1698105611
40,2023/10/25,1698192000,18423550,1698192011
41,2023/10/26,1698278400,18430677,1698278411
42,2023/10/27,1698364800,18437826,1698364811
43,2023/10/28,1698451200,18444983,1698451211
44,2023/10/29,1698537600,18452128,1698537623
45,2023/10/30,1698624000,18459269,1698624011
46,2023/10/31,1698710400,18466408,1698710411
47,2023/11/01,1698796800,18473543,1698796811
48,2023/11/02,1698883200,18480694,1698883211
49,2023/11/03,1698969600,18487825,1698969611
50,2023/11/04,1699056000,18494964,1699056011
51,2023/11/05,1699142400,18502099,1699142411
52,2023/11/06,1699228800,18509233,1699228811
53,2023/11/07,1699315200,18516373,1699315211
54,2023/11/08,1699401600,18523523,1699401611
55,2023/11/09,1699488000,18530676,1699488011
56,2023/11/10,1699574400,18537827,1699574411
57,2023/11/11,1699660800,18544980,1699660811
58,2023/11/12,1699747200,18552123,1699747211
59,2023/11/13,1699833600,18559267,1699833611
60,2023/11/14,1699920000,18566419,1699920011
61,2023/11/15,1700006400,18573579,1700006411
62,2023/11/16,1700092800,18580727,1700092811
63,2023/11/17,1700179200,18587882,1700179211
64,2023/11/18,1700265600,18595031,1700265611
65,2023/11/19,1700352000,18602145,1700352011
66,2023/11/20,1700438400,18609284,1700438411
67,2023/11/21,1700524800,18616431,1700524811
68,2023/11/22,1700611200,18623574,1700611211
69,2023/11/23,1700697600,18630716,1700697611
70,2023/11/24,1700784000,18637861,1700784011
71,2023/11/25,1700870400,18644995,1700870411
72,2023/11/26,1700956800,18652140,1700956811
73,2023/11/27,1701043200,18659275,1701043211
74,2023/11/28,1701129600,18666411,1701129611
75,2023/11/29,1701216000,18673556,1701216011
76,2023/11/30,1701302400,18680706,1701302411
77,2023/12/01,1701388800,18687851,1701388811
78,2023/12/02,1701475200,18695002,1701475211
79,2023/12/03,1701561600,18702159,1701561611
80,2023/12/04,1701648000,18709289,1701648023
81,2023/12/05,1701734400,18716439,1701734411
82,2023/12/06,1701820800,18723579,1701820811
83,2023/12/07,1701907200,18730702,1701907211
84,2023/12/08,1701993600,18737829,1701993611
85,2023/12/09,1702080000,18744963,1702080011
86,2023/12/10,1702166400,18752098,1702166411
87,2023/12/11,1702252800,18759247,1702252811
88,2023/12/12,1702339200,18766393,1702339211
89,2023/12/13,1702425600,18773539,1702425611
90,2023/12/14,1702512000,18780676,1702512011
